<?xml version="1.0" encoding="UTF-8"?>
<project-private xmlns="http://www.netbeans.org/ns/project-private/1">
    <editor-bookmarks xmlns="http://www.netbeans.org/ns/editor-bookmarks/2" lastBookmarkId="0"/>
    <open-files xmlns="http://www.netbeans.org/ns/projectui-open-files/2">
        <group>
            <file>file:/C:/Users/Soumi%20Pal/OneDrive/Documents/NetBeansProjects/OnlineExamPortal1/.git/config</file>
            <file>file:/C:/Users/Soumi%20Pal/OneDrive/Documents/NetBeansProjects/OnlineExamPortal1/src/onlineexamportal1/Questions.java</file>
            <file>file:/C:/Users/Soumi%20Pal/OneDrive/Documents/NetBeansProjects/OnlineExamPortal1/src/onlineexamportal1/OnlineExamPortal1.java</file>
            <file>file:/C:/Users/Soumi%20Pal/OneDrive/Documents/NetBeansProjects/OnlineExamPortal1/src/onlineexamportal1/Student.java</file>
            <file>file:/C:/Users/Soumi%20Pal/OneDrive/Documents/NetBeansProjects/OnlineExamPortal1/src/onlineexamportal1/Test.java</file>
            <file>file:/C:/Users/Soumi%20Pal/OneDrive/Documents/NetBeansProjects/OnlineExamPortal1/src/onlineexamportal1/Registration.java</file>
        </group>
    </open-files>
</project-private>
